{"cameraMode":{"drawMode":0,"name":"Shaded","section":"Shading Mode"},"sceneLighting":false,"audioPlay":false,"sceneViewState":{"m_AlwaysRefresh":false,"showFog":true,"showSkybox":false,"showFlares":true,"showImageEffects":true,"showParticleSystems":true,"showVisualEffectGraphs":true,"m_FxEnabled":true},"in2DMode":false,"pivot":{"x":-5.379347801208496,"y":0.6385861039161682,"z":0.034419916570186618},"rotation":{"x":0.09617404639720917,"y":0.0018269820138812066,"z":0.000036327106499811634,"w":0.995508074760437},"size":1.6351795196533204,"orthographic":false}