{"cameraMode":{"drawMode":0,"name":"Shaded","section":"Shading Mode"},"sceneLighting":false,"audioPlay":false,"sceneViewState":{"m_AlwaysRefresh":false,"showFog":true,"showSkybox":false,"showFlares":true,"showImageEffects":true,"showParticleSystems":true,"showVisualEffectGraphs":true,"m_FxEnabled":true},"in2DMode":false,"pivot":{"x":0.12390375137329102,"y":-1.433036208152771,"z":-4.791264057159424},"rotation":{"x":0.23072874546051026,"y":-0.011313044466078282,"z":0.002940515521913767,"w":0.9731080532073975},"size":2.3999998569488527,"orthographic":false}