{"cameraMode":{"drawMode":0,"name":"Shaded","section":"Shading Mode"},"sceneLighting":false,"audioPlay":false,"sceneViewState":{"m_AlwaysRefresh":false,"showFog":true,"showSkybox":false,"showFlares":true,"showImageEffects":true,"showParticleSystems":true,"showVisualEffectGraphs":true,"m_FxEnabled":true},"in2DMode":false,"pivot":{"x":-4.890231609344482,"y":3.3980603218078615,"z":-14.966408729553223},"rotation":{"x":0.22702428698539735,"y":0.29297712445259097,"z":-0.07156381011009217,"w":0.9261703491210938},"size":1.8962719440460206,"orthographic":false}