{"cameraMode":{"drawMode":0,"name":"Shaded","section":"Shading Mode"},"sceneLighting":false,"audioPlay":false,"sceneViewState":{"m_AlwaysRefresh":false,"showFog":true,"showSkybox":false,"showFlares":true,"showImageEffects":true,"showParticleSystems":true,"showVisualEffectGraphs":true,"m_FxEnabled":true},"in2DMode":false,"pivot":{"x":3.319537401199341,"y":-3.3204009532928469,"z":-0.2798011302947998},"rotation":{"x":0.14377251267433167,"y":-0.026380101218819619,"z":0.004033091012388468,"w":0.9893971681594849},"size":1.6472017765045167,"orthographic":false}